SKU,Name,Description,Price,Image
VIT-0002,21st Century chromium picolinate 200 mcg,,$20.00,VIT-0002.jpg
VIT-0004,21st Century one daily men,,$22.00,VIT-0004.jpg
VIT-0010,Advancis capilar gold,,$37.00,VIT-0010.jpg
VIT-0011,Advancis colicomfort,,$15.00,VIT-0011.jpg
VIT-0012,Advancis cough relief,,$12.00,VIT-0012.jpg
VIT-0014,Advancis extra slim,,$40.00,VIT-0014.jpg
VIT-0015,Advancis flexijoint max,,$29.00,VIT-0015.jpg
VIT-0017,Advancis flu relief,,$9.00,VIT-0017.jpg
VIT-0018,Advancis ginkgo biloba,,$16.00,VIT-0018.jpg
VIT-0019,Advancis hepax,,$12.90,VIT-0019.jpg
VIT-0020,Advancis immune defense,,$8.00,VIT-0020.jpg
VIT-0021,Advancis kids sirop with royal jelly,,$18.00,VIT-0021.jpg
VIT-0022,Advancis lipo,,$40.00,VIT-0022.jpg
VIT-0023,Advancis neuro,,$19.00,VIT-0023.jpg
VIT-0028,Advancis royal jelly,,$33.00,VIT-0028.jpg
VIT-0029,Advancis selenium ace D,,$20.00,VIT-0029.jpg
VIT-0031,Advancis throat relief,,$5.00,VIT-0031.jpg
VIT-0032,Alfa B2 50 mg,Supports energy production and may help prevent migraines by improving brain cell metabolism.,$20.50,VIT-0032.jpg
VIT-0033,Alfa Garlic odorless,"Healthy Heart, Regulates Blood Pressure Anti-microbial Good for sciatic nerve pain",$26.50,VIT-0033.jpg
VIT-0034,Alfa L glutamine 1000 mg,"The Alfa Sports supplement line offers a variety of products designed to support specific fitness objectives, including muscle growth, energy and resistance, and muscle building.",$30.30,VIT-0034.jpg
VIT-0035,Alfa L-Carnitine 800 mg,"The Alfa Sports supplement line offers a variety of products designed to support specific fitness objectives, including muscle growth, energy and resistance, and muscle building.",$32.00,VIT-0035.jpg
VIT-0036,Alfa apple cider vinegar,"For weight loss Anti-Obesity, Anti-diabetic, Anti-microbial",$22.50,VIT-0036.jpg
VIT-0037,Alfa biotin,"Beauty Supplement for Healthy Hair, Skin & Nails",$28.60,VIT-0037.jpg
VIT-0038,Alfa chromium picolinate 400 mcg,"Chromium Picolinate may aid weight loss, muscle gain, and support blood sugar, cholesterol, and bone health.",$20.00,VIT-0038.jpg
VIT-0039,Alfa cla,"The Alfa Sports supplement line offers a variety of products designed to support specific fitness objectives, including muscle growth, energy and resistance, and muscle building.",$47.00,VIT-0039.jpg
VIT-0040,Alfa l-arginine 1000 mg,"The Alfa Sports supplement line offers a variety of products designed to support specific fitness objectives, including muscle growth, energy and resistance, and muscle building.",$31.00,VIT-0040.jpg
VIT-0041,Alfa maximum CLA 2000 mg,"The Alfa Sports supplement line offers a variety of products designed to support specific fitness objectives, including muscle growth, energy and resistance, and muscle building.",$47.00,VIT-0041.jpg
VIT-0042,Alfa maximum amino,"The Alfa Sports supplement line offers a variety of products designed to support specific fitness objectives, including muscle growth, energy and resistance, and muscle building.",$32.00,VIT-0042.jpg
VIT-0043,Alfa maximum creatine 1200 mg,"The Alfa Sports supplement line offers a variety of products designed to support specific fitness objectives, including muscle growth, energy and resistance, and muscle building.",$46.00,VIT-0043.jpg
VIT-0045,Alfa vit E,"For Daily Antioxidant support Essential for Cardiovascular Health, For A Strong Immunity & Healthy Skin & Eyes",$41.00,VIT-0045.jpg
VIT-0049,Arkopharma acerola,,$17.75,VIT-0049.jpg
VIT-0050,Arkopharma acerola 1000,,$17.76,VIT-0050.jpg
VIT-0051,Arkopharma ananas,,$16.00,VIT-0051.jpg
VIT-0055,Arkopharma confort prostatique huile de pepins de courge,,$20.00,VIT-0055.jpg
VIT-0057,Arkopharma cys-control,,$25.00,VIT-0057.jpg
VIT-0059,Arkopharma gelee royale,,$17.75,VIT-0059.jpg
VIT-0060,Arkopharma ginkgo,,$16.65,VIT-0060.jpg
VIT-0061,Arkopharma huile d onagre,,$20.00,VIT-0061.jpg
VIT-0062,Arkopharma minceur bio,,$30.00,VIT-0062.jpg
VIT-0063,Arkopharma passiflore,,$15.50,VIT-0063.jpg
VIT-0065,Arkopharma piloselle,,$17.00,VIT-0065.jpg
VIT-0071,Arkopharma veinoflux,,$18.00,VIT-0071.jpg
VIT-0102,Centrum lutein 30,,$11.00,VIT-0102.jpg
VIT-0103,Centrum men 100,,$15.00,VIT-0103.jpg
VIT-0104,Centrum silver,,$14.00,VIT-0104.jpg
VIT-0111,ESI Ferrolin C,,$12.00,VIT-0111.jpg
VIT-0112,ESI Gingkomax,,$16.00,VIT-0112.jpg
VIT-0113,ESI Hepadiet,,$15.00,VIT-0113.jpg
VIT-0114,ESI Karbofin,,$15.00,VIT-0114.jpg
VIT-0116,ESI melatonin pura 3 mg,,$12.00,VIT-0116.jpg
VIT-0117,ESI melatonin pura 5 mg,,$16.00,VIT-0117.jpg
VIT-0119,ESI omegactive 3679,,$20.00,VIT-0119.jpg
VIT-0120,ESI ten herbs,,$15.00,VIT-0120.jpg
VIT-0121,ESI ten herbs colon cleanse,,$10.00,VIT-0121.jpg
VIT-0126,Green Made Cobalin 1000 mcg,,$12.45,VIT-0126.jpg
VIT-0127,Green Made Cobalin SL 5000 mcg,,$17.00,VIT-0127.jpg
VIT-0128,Green Made Maxi Cal d,,$9.44,VIT-0128.jpg
VIT-0134,Green Made prevamig,,$20.00,VIT-0134.jpg
VIT-0135,Green Made probiolife,,$10.85,VIT-0135.jpg
VIT-0136,Green Made vital qfert,,$36.85,VIT-0136.jpg
VIT-0142,Health Aid digeston plus,,$31.00,VIT-0142.jpg
VIT-0143,Health Aid garlic oil,,$20.00,VIT-0143.jpg
VIT-0144,Health Aid livercare,,$31.00,VIT-0144.jpg
VIT-0146,Health Aid omega 3,,$23.00,VIT-0146.jpg
VIT-0147,Health Aid omega 369,,$25.50,VIT-0147.jpg
VIT-0148,Health Aid osteovit,,$24.42,VIT-0148.jpg
VIT-0149,Health Aid selenium plus,,$27.75,VIT-0149.jpg
VIT-0158,Kal D-mannose,,$81.50,VIT-0158.jpg
VIT-0159,Kal NAC 600 mg,,$24.80,VIT-0159.jpg
VIT-0160,Kal b2 100 mg,,$24.50,VIT-0160.jpg
VIT-0162,Kal omega 3,,$53.00,VIT-0162.jpg
VIT-0163,Kal silica plus,,$44.50,VIT-0163.jpg
VIT-0166,Life Plan L arginine,,$23.51,VIT-0166.jpg
VIT-0168,Life Plan brewers yeast 300 mg,,$22.20,VIT-0168.jpg
VIT-0169,Life Plan brewers yeast,,$22.20,VIT-0169.jpg
VIT-0170,Life Plan cod liver oil,,$16.00,VIT-0170.jpg
VIT-0171,Life Plan curcumin 500 mg,,$37.75,VIT-0171.jpg
VIT-0172,Life Plan evening primrose oil,,$42.50,VIT-0172.jpg
VIT-0175,Life Plan l-arginine,,$23.31,VIT-0175.jpg
VIT-0176,Life Plan l-carnitine,,$34.50,VIT-0176.jpg
VIT-0179,Life Plan vit E,,$25.50,VIT-0179.jpg
VIT-0180,Life Plan windaway activated charcoal,,$14.50,VIT-0180.jpg
VIT-0181,Mason Calcium+vit d3,"Provides high elemental calcium carbonate (40%) with Vitamin D to support bone health and is ideal for individuals with lactose intolerance, vegan diets, and specific health needs",$17.00,VIT-0181.jpg
VIT-0185,Mium Lab fer,,$35.00,VIT-0185.jpg
VIT-0233,Novadiet Magnesium citrate,,$21.00,VIT-0233.jpg
VIT-0234,Novadiet ashwaganda,,$23.00,VIT-0234.jpg
VIT-0235,Novadiet ashwagandha,,$35.00,VIT-0235.jpg
VIT-0237,Novadiet magnesium glycinate,,$30.00,VIT-0237.jpg
VIT-0238,Novadiet magnesium glycinate 90cap,,$30.00,VIT-0238.jpg
VIT-0246,Nutri Labs Coral calcium,,$19.00,VIT-0246.jpg
VIT-0247,Nutri Labs folic acid 5 mg,,$15.00,VIT-0247.jpg
VIT-0248,Nutri Labs omega 3,,$20.00,VIT-0248.jpg
VIT-0259,Solaray B-12,,$28.00,VIT-0259.jpg
VIT-0260,Solaray Chromium picolinate 500 mcg,,$29.59,VIT-0260.jpg
VIT-0262,Solaray K2 Menaquinone-7 50 mcg,,$24.77,VIT-0262.jpg
VIT-0263,Solaray L-carnitine 500 mg,,$46.30,VIT-0263.jpg
VIT-0264,Solaray L-cysteine 500 mg,,$31.37,VIT-0264.jpg
VIT-0267,Solaray aloha lipoic acid,,$78.50,VIT-0267.jpg
VIT-0268,Solaray alpha lipoic acid,,$78.50,VIT-0268.jpg
VIT-0269,Solaray ashwagandha,,$28.00,VIT-0269.jpg
VIT-0270,Solaray asparagus,,$52.00,VIT-0270.jpg
VIT-0271,Solaray astaxanthin,,$74.00,VIT-0271.jpg
VIT-0272,Solaray b12 1000 mcg,,$28.00,VIT-0272.jpg
VIT-0273,Solaray b12 2000 mcg,,$34.00,VIT-0273.jpg
VIT-0274,Solaray berberine,,$59.50,VIT-0274.jpg
VIT-0275,Solaray choline&inositol,,$49.00,VIT-0275.jpg
VIT-0276,Solaray chromium picolinate 200 mcg,,$25.00,VIT-0276.jpg
VIT-0277,Solaray dandelion,,$32.00,VIT-0277.jpg
VIT-0278,Solaray echinacea,,$43.75,VIT-0278.jpg
VIT-0279,Solaray evening primrose oil,,$56.25,VIT-0279.jpg
VIT-0280,Solaray inositol 500 mg,,$41.25,VIT-0280.jpg
VIT-0281,Solaray iron asporotate,,$27.50,VIT-0281.jpg
VIT-0282,Solaray l-lysine,,$18.50,VIT-0282.jpg
VIT-0283,Solaray lactase 40 mg,,$54.00,VIT-0283.jpg
VIT-0284,Solaray lcarnitine,,$46.50,VIT-0284.jpg
VIT-0285,Solaray lutein eyes,,$41.00,VIT-0285.jpg
VIT-0286,Solaray magnesium asporotate,,$23.50,VIT-0286.jpg
VIT-0287,Solaray men's golden multivit,,$44.00,VIT-0287.jpg
VIT-0288,Solaray milk thistle,,$42.00,VIT-0288.jpg
VIT-0291,Solaray oregano oil,,$60.32,VIT-0291.jpg
VIT-0292,Solaray pancreatin 1300,,$46.43,VIT-0292.jpg
VIT-0293,Solaray pantothenic acid,,$26.00,VIT-0293.jpg
VIT-0296,Solaray spirulina,,$29.50,VIT-0296.jpg
VIT-0297,Solaray super digestaway,,$45.84,VIT-0297.jpg
VIT-0298,Solaray total Cleanse uric acid,,$80.44,VIT-0298.jpg
VIT-0299,Solaray vit A,,$33.00,VIT-0299.jpg
VIT-0301,Solaray vit c,,$29.50,VIT-0301.jpg
VIT-0302,Solaray vitamin B complex,,$32.50,VIT-0302.jpg
VIT-0304,Solaray vitamin b6,,$22.00,VIT-0304.jpg
VIT-0305,Solaray vitc rose hips and acerola,,$34.50,VIT-0305.jpg
VIT-0306,Solaray vitc with rose hips and acerola,,$29.20,VIT-0306.jpg
VIT-0308,Solaray yeast cleanse,,$44.00,VIT-0308.jpg
VIT-0309,Solaray zinc asporotate,,$23.81,VIT-0309.jpg
VIT-0312,Solgar L-glutamine 500 mg,,$65.70,VIT-0312.jpg
VIT-0314,Solgar chromium picolinate 100 mcg,,$52.00,VIT-0314.jpg
VIT-0315,Solgar chromium picolinate,,$52.00,VIT-0315.jpg
VIT-0316,Solgar ester c,,$53.50,VIT-0316.jpg
VIT-0317,Solgar ester c 1000,,$53.00,VIT-0317.jpg
VIT-0318,Solgar gentle iron,,$57.00,VIT-0318.jpg
VIT-0320,Solgar l-glutamine 1000 mg,,$92.00,VIT-0320.jpg
VIT-0321,Solgar magnesium citrate,,$68.00,VIT-0321.jpg
VIT-0323,Solgar methylcobalamine 1000 mcg,,$64.00,VIT-0323.jpg
VIT-0324,Solgar omega 369,,$137.00,VIT-0324.jpg
VIT-0326,Solgar reduced L glutathione 50 mg,,$64.50,VIT-0326.jpg
VIT-0328,Solgar vit c 1000 with rose hips,,$75.00,VIT-0328.jpg
VIT-0329,Solgar vit d3,,$40.00,VIT-0329.jpg
VIT-0330,Solgar vit e,,$69.00,VIT-0330.jpg
VIT-0331,Solgar vitamin D3 1000 IU,,$55.00,VIT-0331.jpg
VIT-0332,Solgar zinc picolinate,,$53.50,VIT-0332.jpg
VIT-0333,Sona balance,,$14.50,VIT-0333.jpg
VIT-0334,Sona multiPlus,,$21.00,VIT-0334.jpg
VIT-0336,Sundown fish oil,,$22.00,VIT-0336.jpg
VIT-0337,Sundown odorless fish oil,,$28.00,VIT-0337.jpg
VIT-0343,Swanson boron,,$38.00,VIT-0343.jpg
VIT-0344,Swanson chromium picolinate 200 mcg,,$45.00,VIT-0344.jpg
VIT-0346,Swanson d3 and k2,,$50.00,VIT-0346.jpg
VIT-0347,Swanson lions mane,,$55.00,VIT-0347.jpg
VIT-0348,Swanson magnesium glycinate,,$45.00,VIT-0348.jpg
VIT-0350,Swanson niacin,,$46.00,VIT-0350.jpg
VIT-0354,Swanson shilajit extract 400 mg,,$50.00,VIT-0354.jpg
VIT-0355,Swanson st. Johns wort,,$45.00,VIT-0355.jpg
VIT-0364,Vitabiotics ultra cod liver oil omega 3,,$22.50,VIT-0364.jpg
VIT-0367,Vitarmonyl magnesium b6,,$13.00,VIT-0367.jpg
VIT-0368,Vitarmonyl omega 3,,$14.00,VIT-0368.jpg
VIT-0370,Vitarmonyl vit C 500 a croquer,,$9.50,VIT-0370.jpg
VIT-0405,Alcarex,,$16.00,VIT-0405.jpg
VIT-0407,Alpha-B,,$21.85,VIT-0407.jpg
VIT-0420,Arthrocare,,$19.00,VIT-0420.jpg
VIT-0433,Bonos -D,,$13.85,VIT-0433.jpg
VIT-0455,Cardioace,,$18.50,VIT-0455.jpg
VIT-0461,Citrelax,,$18.00,VIT-0461.jpg
VIT-0464,Cobalin sl 5000 mg,,$16.85,VIT-0464.jpg
VIT-0467,Cognimax,,$16.85,VIT-0467.jpg
VIT-0473,Curcuma piperine,,$13.50,VIT-0473.jpg
VIT-0481,Doremix,,$19.00,VIT-0481.jpg
VIT-0488,Esimag,,$15.00,VIT-0488.jpg
VIT-0490,Ester C 500 mg,,$23.00,VIT-0490.jpg
VIT-0491,Ester c 500,,$23.00,VIT-0491.jpg
VIT-0492,Ester-c 1000,,$30.00,VIT-0492.jpg
VIT-0495,Eyelife,,$21.00,VIT-0495.jpg
VIT-0499,Fefolic,,$13.00,VIT-0499.jpg
VIT-0501,Feranem,,$18.00,VIT-0501.jpg
VIT-0504,Fermental tab,,$15.00,VIT-0504.jpg
VIT-0507,Ferrolin c,,$12.00,VIT-0507.jpg
VIT-0510,Fertix,,$39.00,VIT-0510.jpg
VIT-0514,Folicare,,$13.00,VIT-0514.jpg
VIT-0518,Forcapil,,$22.50,VIT-0518.jpg
VIT-0522,Genteron,,$19.00,VIT-0522.jpg
VIT-0527,Ginkovital,,$26.70,VIT-0527.jpg
VIT-0529,Ginseng plus,,$13.00,VIT-0529.jpg
VIT-0537,Healthy joints,,$29.00,VIT-0537.jpg
VIT-0538,Hemo f4,,$8.00,VIT-0538.jpg
VIT-0539,Hemofer,,$18.00,VIT-0539.jpg
VIT-0540,Hemofer Dr caps,,$18.00,VIT-0540.jpg
VIT-0548,Immufort,,$18.00,VIT-0548.jpg
VIT-0550,Immuzinc,,$14.00,VIT-0550.jpg
VIT-0555,Jointace omega 3,,$22.50,VIT-0555.jpg
VIT-0558,Kalory emergency 1000,,$20.00,VIT-0558.jpg
VIT-0579,MAXIZINC 25,,$5.50,VIT-0579.jpg
VIT-0580,MAXIZINC 50,,$6.50,VIT-0580.jpg
VIT-0581,Magbian,,$16.00,VIT-0581.jpg
VIT-0583,Magnecalm,,$22.00,VIT-0583.jpg
VIT-0588,Magnesium-ok,,$19.00,VIT-0588.jpg
VIT-0592,Manhae,,$17.00,VIT-0592.jpg
VIT-0593,Marine collagen,,$50.50,VIT-0593.jpg
VIT-0594,Maternace,,$20.00,VIT-0594.jpg
VIT-0595,Maxi biotin,,$13.00,VIT-0595.jpg
VIT-0599,Maxiflex,,$27.80,VIT-0599.jpg
VIT-0600,Maxivit,,$9.50,VIT-0600.jpg
VIT-0602,Mega-Q10,,$30.00,VIT-0602.jpg
VIT-0631,Nodep,,$17.00,VIT-0631.jpg
VIT-0632,Nodol capsules,,$24.00,VIT-0632.jpg
VIT-0633,Nodol collagen,,$38.00,VIT-0633.jpg
VIT-0634,Nodol collagen forte,,$44.00,VIT-0634.jpg
VIT-0635,Normolip 5,,$16.00,VIT-0635.jpg
VIT-0639,Nu-d3,,$14.00,VIT-0639.jpg
VIT-0640,Nurideen plus,,$61.00,VIT-0640.jpg
VIT-0647,Omega life,,$14.85,VIT-0647.jpg
VIT-0654,Ovacyst,,$19.00,VIT-0654.jpg
VIT-0656,Ovavie,,$26.85,VIT-0656.jpg
VIT-0662,Pedimax,,$15.75,VIT-0662.jpg
VIT-0675,Pregnacare conception,,$23.00,VIT-0675.jpg
VIT-0683,Probiolife,,$11.00,VIT-0683.jpg
VIT-0686,Prostelite,,$32.00,VIT-0686.jpg
VIT-0695,Retin active,,$21.00,VIT-0695.jpg
VIT-0696,Ribomax,,$11.00,VIT-0696.jpg
VIT-0697,Rigenforte,,$23.00,VIT-0697.jpg
VIT-0708,Sideral forte,,$17.85,VIT-0708.jpg
VIT-0710,Sleevit,,$36.85,VIT-0710.jpg
VIT-0713,Spermadol,,$33.00,VIT-0713.jpg
VIT-0715,Stress B,,$23.00,VIT-0715.jpg
VIT-0722,Ten herbs forte,,$20.00,VIT-0722.jpg
VIT-0729,Turmera,,$19.00,VIT-0729.jpg
VIT-0734,Uroguard,,$24.00,VIT-0734.jpg
VIT-0744,Vitalmas multi,,$16.00,VIT-0744.jpg
VIT-0749,Wellman,,$16.90,VIT-0749.jpg
VIT-0750,Wellwoman,,$21.70,VIT-0750.jpg
VIT-0758,Alfa Vitamins Alflexil Glucosamine Chondroitin MSM Collagen,GLUCOSAMINE CHONDROITIN MSM COLLAGEN Contains essential ingredients for Healthy Joints + has anti- inflammatory properties,,VIT-0758.jpg
VIT-0759,Alfa Vitamins Cal-Mag-Zinc Mineral Complex Plus Vitamin D3,"Calcium, magnesium, and zinc work together to support strong bones, muscles, immunity, heart health, and overall well-being.",,VIT-0759.jpg
VIT-0760,Alfa Vitamins CoQ-10 100 mg,"For energy production and heart protection. It is often recommended for reducing the frequency of migraines and is essential for those on cholesterol- lowering medications (statins), which can deplete the body's natural CoQ10 levels.",,VIT-0760.jpg
VIT-0761,Alfa Vitamins Cod Liver Oil,"Differs from standard fish oil because it is extracted specifically from the livers of cod, providing a unique combination of Omega-3 fatty acids and high levels of Vitamins A and D",,VIT-0761.jpg
VIT-0762,Alfa Vitamins Collagen C Hydrolysate with Biotin,"Combining collagen hydrolysate, vitamin C, and biotin creates a powerful ""beauty from within"" synergy that significantly enhances the health of your skin, hair, nails, and joints",,VIT-0762.jpg
VIT-0763,Alfa Vitamins Echinacea 1200 mg,Supports immunity and helps reduce the severity and duration of colds and flu,,VIT-0763.jpg
VIT-0764,Alfa Vitamins Folic Acid 800 mcg,Helps with cardiovascular health and is also an important prenatal vitamin for women of childbearing age,,VIT-0764.jpg
VIT-0765,Alfa Vitamins Ginkgo Biloba 120 mg,"Supports memory, focus, and healthy brain circulation",,VIT-0765.jpg
VIT-0766,Alfa Vitamins Ginseng & Ginkgo Biloba,"Enhances mental focus, memory, and physical energy (Immunity)",,VIT-0766.jpg
VIT-0767,Alfa Vitamins Korean Ginseng 1000 mg,"Boosts energy, improves mental clarity, supports immune function, enhances stamina, and helps reduce stress.",,VIT-0767.jpg
VIT-0768,Alfa Vitamins Libi Max Aphrodisiac,"Enhances libido, vitality, and overall sexual performance",,VIT-0768.jpg
VIT-0769,Alfa Vitamins Memorin Memory & Concentration,"Enhances memory, focus, and cognitive performance",,VIT-0769.jpg
VIT-0770,Alfa Vitamins Milk Thistle 2000 mg,"A rich antioxidant liver support formula for liver protection and detoxification. Also used in patients on chronic medications, have high toxin exposure (pollution, alcohol, processed foods)",,VIT-0770.jpg
VIT-0771,Alfa Vitamins Multi Men,"Provides all essential vitamins and minerals to strengthen the immune system, support energy, and enhance stamina",,VIT-0771.jpg
VIT-0772,Alfa Vitamins Multi Women,"Provides essential vitamins and minerals for women's health, supporting the immune system, energy levels, & antioxidant protection",,VIT-0772.jpg
VIT-0773,Alfa Vitamins Omega 3 Fish Oil 1000 mg,"Omega 3 Fish Oil 1000 mg and Alfa 369 Plant-Based Omega 3 supports cardiovascular health, anti-inflammatory benefits, brain function Alfa 369 is suitable for vegetarians and vegans",,VIT-0773.jpg
VIT-0774,Alfa Vitamins Alfa 369 Omega 369 Flax Oil 1000 mg,"Omega 3 Fish Oil 1000 mg and Alfa 369 Plant-Based Omega 3 supports cardiovascular health, anti-inflammatory benefits, brain function Alfa 369 is suitable for vegetarians and vegans",,VIT-0774.jpg
VIT-0775,Alfa Vitamins Resveratrol 500 mg,A natural antioxidant that supports heart and brain health,,VIT-0775.jpg
VIT-0776,Alfa Vitamins Salmon Oil Omega 3,"Supports heart, joint, and cognitive health, and it is often preferred over standard fish oil because it typically contains a higher concentration of astaxanthin, a powerful antioxidant.",,VIT-0776.jpg
VIT-0777,Alfa Vitamins Saw Palmetto,"Helps with urinary symptoms, hormonal balance, hair loss, libido enhancement, energy, and immune support.",,VIT-0777.jpg
VIT-0778,Alfa Vitamins Soy Lecithin Soy Bean 1200 mg,"Supports brain function, heart & liver health, relieve menopause symptoms, & protect the stomach lining.",,VIT-0778.jpg
VIT-0779,Alfa Vitamins Multivitamin Gummy Bears Kids,"A multivitamin & multimineral formula to support children's bone health, metabolism, immune system, & energy production",,VIT-0779.jpg
VIT-0780,Alfa Vitamins Vitamin B-1 100 mg,"Supports energy levels, cognitive activity, and overall digestive health",,VIT-0780.jpg
VIT-0781,Alfa Vitamins Vitamin B-6 100 mg,"Also known as pyridoxine, is essential for maintaining energy levels, metabolism, nerve function, and overall health",,VIT-0781.jpg
VIT-0782,Alfa Vitamins Alfa Sports Maximum BCAA,"The Alfa Sports supplement line offers a variety of products designed to support specific fitness objectives, including muscle growth, energy and resistance, and muscle building.",,VIT-0782.jpg
VIT-0783,Alfa Vitamins Ashwagandha 2100 mg,Ashwagandha is an adaptogenic herb that helps the body manage stress by reducing cortisol levels and supporting overall mental and physical well-being,,VIT-0783.jpg
VIT-0784,Alfa Vitamins Biotin 10000 mcg,"Extra Strength Beauty Supplement for Healthy Hair, Skin & Nails",,VIT-0784.jpg
VIT-0785,Alfa Vitamins B Complex Formula,"This formula helps your cells convert food into energy, supports a healthy brain & nervous system, & provides essential nutrients to maintain a strong immune system & fight daily fatigue",,VIT-0785.jpg
VIT-0786,Alfa Vitamins Hair/Skin/Nails,"This supplement supports healthy hair, skin, and nails with a blend of vitamins, biotin, and minerals for daily wellness",,VIT-0786.jpg
VIT-0787,Alfa Vitamins NAD+ Plus Resveratrol,A vital coenzyme that fuels cellular energy production and supports DNA repair to promote healthy aging and metabolic function.,,VIT-0787.jpg
VIT-0788,Alfa Vitamins Selenium 200 mcg,"Selenium is a powerful trace mineral that acts as an essential antioxidant, protecting your cells from damage while supporting healthy thyroid function and a strong immune system",,VIT-0788.jpg
VIT-0789,Alfa Vitamins Multivitamins Gummies Adult,"These gummies are designed to provide a broad spectrum of essential vitamins and minerals in a convenient, chewable format.",,VIT-0789.jpg
VIT-0790,Alfa Vitamins Magnesium Glycinate 2500 mg,"Magnesium Glycinate is a highly bioavailable form of magnesium where the mineral is bound to glycine, an amino acid that has calming effects on the brain",,VIT-0790.jpg
VIT-0791,Alfa Vitamins Magnesium + B6,"This supplement supports the nervous system, helps maintain cognitive function, and promotes relaxation for better sleep, healthy metabolism, and overall well-being.",,VIT-0791.jpg
VIT-0792,Alfa Vitamins Magnesium Citrate 1400 mg,"This combination supports heart health, muscle relaxation, nervous system function, overall cellular protection and digestive health",,VIT-0792.jpg
VIT-0793,Alfa Vitamins Magnesium + Melatonin 10 mg,"This formula promotes deep, restorative sleep while supporting relaxation, muscle and nerve health, and evening recovery.",,VIT-0793.jpg
VIT-0794,Alfa Vitamins Turmeric Curcumin Plus Black Pepper 2000 mg,"Curcumin, enhanced with black pepper for superior absorption, is a powerful antioxidant that supports healthy joints, cardiovascular wellness, and protection against oxidative stress",,VIT-0794.jpg
VIT-0795,Mason Natural Beta Carotene 25000 IU,"Powerful antioxidant protection, supports vision health, enhances skin health, and promotes overall wellness",,VIT-0795.jpg
VIT-0796,Mason Natural Calcium 600 mg,"Calcium 600 provides only 600 mg of calcium per serving to support strong bones, teeth, muscle function, and overall health.",,VIT-0796.jpg
VIT-0797,Mason Natural Calcium Citrate + D3,"Absorbs well on an empty or full stomach. For people with low levels of stomach acid: > 50 years old, people on antacids or medication that decrease acidity or digestive issues.",,VIT-0797.jpg
VIT-0798,Mason Natural Calcium Magnesium & Zinc,"Calcium, magnesium, and zinc work together to support strong bones, muscles, immunity, heart health, and overall well- being.",,VIT-0798.jpg
VIT-0799,Mason Natural Chewable Calcium 600 mg + D3 400 IU,Chewable Calcium + D3 that support bone health and calcium absorption with a delicious and convenient chewable format.,,VIT-0799.jpg
VIT-0800,Mason Natural Chromium Picolinate 200 mcg,"Chromium Picolinate may aid weight loss, muscle gain, and support blood sugar, cholesterol, and bone health.",,VIT-0800.jpg
VIT-0801,Mason Natural Coconut Oil,"Coconut oil supplements support heart health, boost energy, aid digestion, and promote healthy skin, hair, immunity and teeth whitening",,VIT-0801.jpg
VIT-0802,Mason Natural Norwegian Cod Liver Oil,"Cod liver oil supports heart health, bone, boosts immune function, promotes brain health, and improves joint flexibility",,VIT-0802.jpg
VIT-0803,Mason Natural Folic Acid 400 mcg,Helps with cardiovascular health and is also an important prenatal vitamin for women of childbearing age. Recommended dose: 0.4 to 0.8 mg/day,,VIT-0803.jpg
VIT-0804,Mason Natural Cranberry with Probiotic,"Cranberries helps prevent the adhesion of harmful bacteria to the urinary tract walls. Probiotics support gut health by balancing bacteria and preventing harmful E. coli from migrating from the intestines to the bladder, reducing UTI risk.",,VIT-0804.jpg
VIT-0805,Mason Natural Ginger 500 mg,"Supports digestive health, relieves nausea, and boosts the immune system with natural anti-inflammatory and antioxidant properties Safe in pregnancy",,VIT-0805.jpg
VIT-0806,Mason Natural Chewable Little Animals Multivitamins,"Kids' chewable multivitamin, designed for children >4 years old, provides essential nutrients like B- complex vitamins, vitamin A, and vitamin C to support brain function, immunity, eye health, growth, and overall wellness.",,VIT-0806.jpg
VIT-0807,Mason Natural Magnesium Gluconate 550 mg,"Supports nerve and muscle function, bone health, relaxation, and overall energy production. magnesium gluconate is easily absorbed and able to enter the bloodstream quickly",,VIT-0807.jpg
VIT-0808,Mason Natural Magnesium Glycinate with BioPerine,"Superior absorption, Enhanced absorption with BioPerine Helps reduce stress & anxiety and supports better sleep Promotes bone, muscle function & exercise recovery",,VIT-0808.jpg
VIT-0809,Mason Natural Melatonin 3 mg,"Melatonin with Vitamin B6 supports healthy sleep, aids in jet lag recovery, and offers antioxidant benefits while helping manage migraines & pain Can be taken with Valerian for better sleep",,VIT-0809.jpg
VIT-0810,Mason Natural Melatonin 5 mg,"Melatonin with Vitamin B6 supports healthy sleep, aids in jet lag recovery, and offers antioxidant benefits while helping manage migraines & pain Can be taken with Valerian for better sleep",,VIT-0810.jpg
VIT-0811,Mason Natural Maca 500 mg,"Improved Stamina & Endurance, Enhanced Performance and Vitality",,VIT-0811.jpg
VIT-0812,Mason Natural Milk Thistle 500 mg,"A rich antioxidant liver support formula for liver protection and detoxification. Also used in patients on chronic medications, have high toxin exposure (pollution, alcohol, processed foods)",,VIT-0812.jpg
VIT-0813,Mason Natural Moringa 500 mg,"Extremely nutrient-dense, High In Potassium, Calcium, Vitamins A, B and C, Omega 3-6 & Protein Antioxidant / Anti- inflammatory Supports Energy & Immune System",,VIT-0813.jpg
VIT-0814,Mason Natural Mega Biotin 10000 mcg,"Extra Strength Beauty Supplement for Healthy Hair, Skin & Nails",,VIT-0814.jpg
VIT-0815,Mason Natural NAC N-Acetyl-L-Cysteine 500 mg,Mucolytic Antioxidant Enhances glutathione biosynthesis Improves Fertility Improves Pain in Endometriosis Anti-inflammatory,,VIT-0815.jpg
VIT-0816,Mason Natural Fish Oil 1000 mg,"Supports Heart, Brain, Eye Health, Immune System & Hair & Skin May Alleviate Inflammation, thereby Reducing Joint Pain and Stiffness Important for Pregnant and Lactating",,VIT-0816.jpg
VIT-0817,Mason Natural Chewable Papaya Digestive Enzyme Complex,Rich Source Of Plant Based Enzymes That Greatly Help With Digestion & Bloating,,VIT-0817.jpg
VIT-0818,Mason Natural Valerian 500 mg,"Helps Relieve Insomnia, Stress-Related Anxiety, & Nervous Restlessness +/- Melatonin",,VIT-0818.jpg
VIT-0819,Mason Natural Vitamin B-1 250 mg,"Supports energy levels, cognitive activity, and overall digestive health",,VIT-0819.jpg
VIT-0820,Mason Natural Vitamin B-12 100 mcg,Supports Proper Red Blood Cell Formation (Helps With A Type Of Anemia) Supports A Healthy Nervous System Supports Energy Production,,VIT-0820.jpg
VIT-0821,Mason Natural Vitamin B-12 500 mcg,Supports Proper Red Blood Cell Formation (Helps With A Type Of Anemia) Supports A Healthy Nervous System Supports Energy Production,,VIT-0821.jpg
VIT-0822,Mason Natural Vitamin B-12 Quick Dissolve 1000 mcg,A tablet form with excellent bioavailability Dissolves easily under the tongue Bypasses the intestinal site of absorption that could be injured due to certain medical conditions or disrupted due to certain medication,,VIT-0822.jpg
VIT-0823,Mason Natural Vitamin B-12 Quick Dissolve 5000 mcg,A tablet form with excellent bioavailability Dissolves easily under the tongue Bypasses the intestinal site of absorption that could be injured due to certain medical conditions or disrupted due to certain medication,,VIT-0823.jpg
VIT-0824,Mason Natural Vitamin B-6 50 mg,For Morning Sickness Improves Nausea In Pregnant Women Supports Heart & Nerve Health Helps Increase Appetite,,VIT-0824.jpg
VIT-0825,Mason Natural Vitamin C 1000 mg,Antioxidant Immune System Booster Prevents Cold & Flu) Supports Collagen Synthesis,,VIT-0825.jpg
VIT-0826,Mason Natural Vitamin E 400 IU,"For Daily Antioxidant support Essential for Cardiovascular Health, For A Strong Immunity & Healthy Skin & Eyes",,VIT-0826.jpg
VIT-0827,Mason Natural Vitamin E 1000 IU,"For Daily Antioxidant support Essential for Cardiovascular Health, For A Strong Immunity & Healthy Skin & Eyes",,VIT-0827.jpg
VIT-0828,Mason Natural Mini Multi Vitamins,IRON FREE formula,,VIT-0828.jpg
VIT-0829,Mason Natural Stress B-Complex with Antioxidants + Zinc,"Contains higher amount of Vitamin C and Zinc It doesn’t contain Iron, Complete formulation of B-Vitamins & antioxidants",,VIT-0829.jpg
VIT-0830,Mason Natural Women's Daily Multi Formula,Contains higher amount of Vitamin D and Calcium OPTIMAL formula for women,,VIT-0830.jpg
VIT-0831,Mason Natural Mushroom Power with 95% EGCG & Matcha,"For Optimal Wellness, Stress Support and Healthy Inflammatory Response",,VIT-0831.jpg
VIT-0832,Mason Natural Turmeric Standardized Extract,WITH BLACK PEPPER = better absorption Anti-inflammatory,,VIT-0832.jpg
VIT-0833,Mason Natural Chewable Vitamin D3 Peach Vanilla 1000 IU,"Chewable Vitamin D3 1,000 IU Daily support for immunity, strong bones, and healthy muscle function.",,VIT-0833.jpg
